timeStamp,elapsed,label,responseCode,responseMessage,threadName,dataType,success,failureMessage,bytes,sentBytes,grpThreads,allThreads,URL,Latency,IdleTime,Connect
1745959971204,1168,HTTP Request,202,Accepted,Thread Group 1-2,text,true,,2577,387,2,2,https://serworing1398514.azurewebsites.net/api/orchestrators/Orchestrate,1161,0,380
1745959970782,1591,HTTP Request,202,Accepted,Thread Group 1-1,text,true,,2577,387,2,2,https://serworing1398514.azurewebsites.net/api/orchestrators/Orchestrate,1584,0,803
1745959972710,265,HTTP Request,202,Accepted,Thread Group 1-1,text,true,,2577,387,2,2,https://serworing1398514.azurewebsites.net/api/orchestrators/Orchestrate,265,0,0
1745959973205,282,HTTP Request,202,Accepted,Thread Group 1-2,text,true,,2577,387,2,2,https://serworing1398514.azurewebsites.net/api/orchestrators/Orchestrate,281,0,0
1745959974709,108,HTTP Request,202,Accepted,Thread Group 1-1,text,true,,2577,387,2,2,https://serworing1398514.azurewebsites.net/api/orchestrators/Orchestrate,108,0,0
1745959975204,128,HTTP Request,202,Accepted,Thread Group 1-2,text,true,,2577,387,2,2,https://serworing1398514.azurewebsites.net/api/orchestrators/Orchestrate,128,0,0
1745959976709,158,HTTP Request,202,Accepted,Thread Group 1-1,text,true,,2577,387,2,2,https://serworing1398514.azurewebsites.net/api/orchestrators/Orchestrate,158,0,0
1745959977204,174,HTTP Request,202,Accepted,Thread Group 1-2,text,true,,2577,387,2,2,https://serworing1398514.azurewebsites.net/api/orchestrators/Orchestrate,174,0,0
1745959978710,204,HTTP Request,202,Accepted,Thread Group 1-1,text,true,,2577,387,2,2,https://serworing1398514.azurewebsites.net/api/orchestrators/Orchestrate,204,0,0
1745959979205,171,HTTP Request,202,Accepted,Thread Group 1-2,text,true,,2577,388,2,2,https://serworing1398514.azurewebsites.net/api/orchestrators/Orchestrate,171,0,0
1745959980709,151,HTTP Request,202,Accepted,Thread Group 1-1,text,true,,2577,388,2,2,https://serworing1398514.azurewebsites.net/api/orchestrators/Orchestrate,151,0,0
1745959981204,153,HTTP Request,202,Accepted,Thread Group 1-2,text,true,,2577,388,2,2,https://serworing1398514.azurewebsites.net/api/orchestrators/Orchestrate,153,0,0
1745959982710,198,HTTP Request,202,Accepted,Thread Group 1-1,text,true,,2577,388,2,2,https://serworing1398514.azurewebsites.net/api/orchestrators/Orchestrate,198,0,0
1745959983205,112,HTTP Request,202,Accepted,Thread Group 1-2,text,true,,2577,388,2,2,https://serworing1398514.azurewebsites.net/api/orchestrators/Orchestrate,112,0,0
1745959984710,143,HTTP Request,202,Accepted,Thread Group 1-1,text,true,,2577,388,2,2,https://serworing1398514.azurewebsites.net/api/orchestrators/Orchestrate,143,0,0
1745959985204,161,HTTP Request,202,Accepted,Thread Group 1-2,text,true,,2577,388,2,2,https://serworing1398514.azurewebsites.net/api/orchestrators/Orchestrate,161,0,0
1745959986710,192,HTTP Request,202,Accepted,Thread Group 1-1,text,true,,2577,388,2,2,https://serworing1398514.azurewebsites.net/api/orchestrators/Orchestrate,192,0,0
1745959987204,107,HTTP Request,202,Accepted,Thread Group 1-2,text,true,,2577,388,2,2,https://serworing1398514.azurewebsites.net/api/orchestrators/Orchestrate,107,0,0
1745959988709,138,HTTP Request,202,Accepted,Thread Group 1-1,text,true,,2577,388,2,2,https://serworing1398514.azurewebsites.net/api/orchestrators/Orchestrate,138,0,0
1745959989204,145,HTTP Request,202,Accepted,Thread Group 1-2,text,true,,2577,388,2,2,https://serworing1398514.azurewebsites.net/api/orchestrators/Orchestrate,145,0,0
1745959990709,84,HTTP Request,202,Accepted,Thread Group 1-1,text,true,,2577,388,2,2,https://serworing1398514.azurewebsites.net/api/orchestrators/Orchestrate,84,0,0
1745959991204,202,HTTP Request,202,Accepted,Thread Group 1-2,text,true,,2577,388,2,2,https://serworing1398514.azurewebsites.net/api/orchestrators/Orchestrate,202,0,0
1745959992709,133,HTTP Request,202,Accepted,Thread Group 1-1,text,true,,2577,388,2,2,https://serworing1398514.azurewebsites.net/api/orchestrators/Orchestrate,133,0,0
1745959993205,183,HTTP Request,202,Accepted,Thread Group 1-2,text,true,,2577,388,2,2,https://serworing1398514.azurewebsites.net/api/orchestrators/Orchestrate,183,0,0
1745959994708,284,HTTP Request,202,Accepted,Thread Group 1-1,text,true,,2577,388,2,2,https://serworing1398514.azurewebsites.net/api/orchestrators/Orchestrate,284,0,0
1745959995205,93,HTTP Request,202,Accepted,Thread Group 1-2,text,true,,2577,388,2,2,https://serworing1398514.azurewebsites.net/api/orchestrators/Orchestrate,93,0,0
1745959996710,124,HTTP Request,202,Accepted,Thread Group 1-1,text,true,,2577,388,2,2,https://serworing1398514.azurewebsites.net/api/orchestrators/Orchestrate,124,0,0
1745959997205,142,HTTP Request,202,Accepted,Thread Group 1-2,text,true,,2577,388,2,2,https://serworing1398514.azurewebsites.net/api/orchestrators/Orchestrate,141,0,0
1745959998710,173,HTTP Request,202,Accepted,Thread Group 1-1,text,true,,2577,388,2,2,https://serworing1398514.azurewebsites.net/api/orchestrators/Orchestrate,172,0,0
1745959999206,129,HTTP Request,202,Accepted,Thread Group 1-2,text,true,,2577,388,2,2,https://serworing1398514.azurewebsites.net/api/orchestrators/Orchestrate,128,0,0
1745960000711,119,HTTP Request,202,Accepted,Thread Group 1-1,text,true,,2577,388,2,2,https://serworing1398514.azurewebsites.net/api/orchestrators/Orchestrate,118,0,0
1745960001205,119,HTTP Request,202,Accepted,Thread Group 1-2,text,true,,2577,388,2,2,https://serworing1398514.azurewebsites.net/api/orchestrators/Orchestrate,119,0,0
1745960002710,167,HTTP Request,202,Accepted,Thread Group 1-1,text,true,,2577,388,2,2,https://serworing1398514.azurewebsites.net/api/orchestrators/Orchestrate,167,0,0
1745960003204,168,HTTP Request,202,Accepted,Thread Group 1-2,text,true,,2577,388,2,2,https://serworing1398514.azurewebsites.net/api/orchestrators/Orchestrate,168,0,0
1745960004709,113,HTTP Request,202,Accepted,Thread Group 1-1,text,true,,2577,388,2,2,https://serworing1398514.azurewebsites.net/api/orchestrators/Orchestrate,113,0,0
1745960005204,130,HTTP Request,202,Accepted,Thread Group 1-2,text,true,,2577,388,2,2,https://serworing1398514.azurewebsites.net/api/orchestrators/Orchestrate,130,0,0
1745960006710,161,HTTP Request,202,Accepted,Thread Group 1-1,text,true,,2577,388,2,2,https://serworing1398514.azurewebsites.net/api/orchestrators/Orchestrate,161,0,0
1745960007204,155,HTTP Request,202,Accepted,Thread Group 1-2,text,true,,2577,388,2,2,https://serworing1398514.azurewebsites.net/api/orchestrators/Orchestrate,155,0,0
1745960008710,207,HTTP Request,202,Accepted,Thread Group 1-1,text,true,,2577,388,2,2,https://serworing1398514.azurewebsites.net/api/orchestrators/Orchestrate,206,0,0
1745960009204,123,HTTP Request,202,Accepted,Thread Group 1-2,text,true,,2577,388,2,2,https://serworing1398514.azurewebsites.net/api/orchestrators/Orchestrate,123,0,0
1745960010709,152,HTTP Request,202,Accepted,Thread Group 1-1,text,true,,2577,388,2,2,https://serworing1398514.azurewebsites.net/api/orchestrators/Orchestrate,152,0,0
1745960011204,160,HTTP Request,202,Accepted,Thread Group 1-2,text,true,,2577,388,2,2,https://serworing1398514.azurewebsites.net/api/orchestrators/Orchestrate,160,0,0
1745960012709,201,HTTP Request,202,Accepted,Thread Group 1-1,text,true,,2577,388,2,2,https://serworing1398514.azurewebsites.net/api/orchestrators/Orchestrate,201,0,0
1745960013204,116,HTTP Request,202,Accepted,Thread Group 1-2,text,true,,2577,388,2,2,https://serworing1398514.azurewebsites.net/api/orchestrators/Orchestrate,116,0,0
1745960014709,147,HTTP Request,202,Accepted,Thread Group 1-1,text,true,,2577,388,2,2,https://serworing1398514.azurewebsites.net/api/orchestrators/Orchestrate,147,0,0
1745960015204,137,HTTP Request,202,Accepted,Thread Group 1-2,text,true,,2577,388,2,2,https://serworing1398514.azurewebsites.net/api/orchestrators/Orchestrate,137,0,0
1745960016709,196,HTTP Request,202,Accepted,Thread Group 1-1,text,true,,2577,388,2,2,https://serworing1398514.azurewebsites.net/api/orchestrators/Orchestrate,196,0,0
1745960017204,109,HTTP Request,202,Accepted,Thread Group 1-2,text,true,,2577,388,2,2,https://serworing1398514.azurewebsites.net/api/orchestrators/Orchestrate,109,0,0
1745960018709,140,HTTP Request,202,Accepted,Thread Group 1-1,text,true,,2577,388,2,2,https://serworing1398514.azurewebsites.net/api/orchestrators/Orchestrate,140,0,0
1745960019204,157,HTTP Request,202,Accepted,Thread Group 1-2,text,true,,2577,388,2,2,https://serworing1398514.azurewebsites.net/api/orchestrators/Orchestrate,157,0,0
1745960020709,84,HTTP Request,202,Accepted,Thread Group 1-1,text,true,,2577,388,2,2,https://serworing1398514.azurewebsites.net/api/orchestrators/Orchestrate,84,0,0
1745960021205,103,HTTP Request,202,Accepted,Thread Group 1-2,text,true,,2577,388,2,2,https://serworing1398514.azurewebsites.net/api/orchestrators/Orchestrate,103,0,0
1745960022710,142,HTTP Request,202,Accepted,Thread Group 1-1,text,true,,2577,388,2,2,https://serworing1398514.azurewebsites.net/api/orchestrators/Orchestrate,142,0,0
1745960023205,151,HTTP Request,202,Accepted,Thread Group 1-2,text,true,,2577,388,2,2,https://serworing1398514.azurewebsites.net/api/orchestrators/Orchestrate,151,0,0
1745960024710,182,HTTP Request,202,Accepted,Thread Group 1-1,text,true,,2577,388,2,2,https://serworing1398514.azurewebsites.net/api/orchestrators/Orchestrate,182,0,0
1745960025206,96,HTTP Request,202,Accepted,Thread Group 1-2,text,true,,2577,388,2,2,https://serworing1398514.azurewebsites.net/api/orchestrators/Orchestrate,96,0,0
1745960026711,127,HTTP Request,202,Accepted,Thread Group 1-1,text,true,,2577,388,2,2,https://serworing1398514.azurewebsites.net/api/orchestrators/Orchestrate,126,0,0
1745960027205,145,HTTP Request,202,Accepted,Thread Group 1-2,text,true,,2577,388,2,2,https://serworing1398514.azurewebsites.net/api/orchestrators/Orchestrate,145,0,0
1745960028710,73,HTTP Request,202,Accepted,Thread Group 1-1,text,true,,2577,388,2,2,https://serworing1398514.azurewebsites.net/api/orchestrators/Orchestrate,73,0,0
1745960029205,153,HTTP Request,202,Accepted,Thread Group 1-2,text,true,,2577,388,2,2,https://serworing1398514.azurewebsites.net/api/orchestrators/Orchestrate,153,0,0
1745960030710,121,HTTP Request,202,Accepted,Thread Group 1-1,text,true,,2577,388,2,2,https://serworing1398514.azurewebsites.net/api/orchestrators/Orchestrate,121,0,0
1745960031204,1161,HTTP Request,202,Accepted,Thread Group 1-2,text,true,,2577,388,2,2,https://serworing1398514.azurewebsites.net/api/orchestrators/Orchestrate,1161,0,556
1745960032709,476,HTTP Request,202,Accepted,Thread Group 1-1,text,true,,2577,388,2,2,https://serworing1398514.azurewebsites.net/api/orchestrators/Orchestrate,476,0,382
1745960033205,83,HTTP Request,202,Accepted,Thread Group 1-2,text,true,,2577,388,2,2,https://serworing1398514.azurewebsites.net/api/orchestrators/Orchestrate,83,0,0
1745960034709,114,HTTP Request,202,Accepted,Thread Group 1-1,text,true,,2577,388,2,2,https://serworing1398514.azurewebsites.net/api/orchestrators/Orchestrate,114,0,0
1745960035204,135,HTTP Request,202,Accepted,Thread Group 1-2,text,true,,2577,388,2,2,https://serworing1398514.azurewebsites.net/api/orchestrators/Orchestrate,135,0,0
1745960036709,162,HTTP Request,202,Accepted,Thread Group 1-1,text,true,,2577,388,2,2,https://serworing1398514.azurewebsites.net/api/orchestrators/Orchestrate,162,0,0
1745960037204,152,HTTP Request,202,Accepted,Thread Group 1-2,text,true,,2577,388,2,2,https://serworing1398514.azurewebsites.net/api/orchestrators/Orchestrate,152,0,0
1745960038709,109,HTTP Request,202,Accepted,Thread Group 1-1,text,true,,2577,388,2,2,https://serworing1398514.azurewebsites.net/api/orchestrators/Orchestrate,109,0,0
1745960039204,126,HTTP Request,202,Accepted,Thread Group 1-2,text,true,,2577,388,2,2,https://serworing1398514.azurewebsites.net/api/orchestrators/Orchestrate,126,0,0
1745960040710,155,HTTP Request,202,Accepted,Thread Group 1-1,text,true,,2577,388,2,2,https://serworing1398514.azurewebsites.net/api/orchestrators/Orchestrate,155,0,0
1745960041205,174,HTTP Request,202,Accepted,Thread Group 1-2,text,true,,2577,388,2,2,https://serworing1398514.azurewebsites.net/api/orchestrators/Orchestrate,174,0,0
1745960042710,204,HTTP Request,202,Accepted,Thread Group 1-1,text,true,,2577,388,2,2,https://serworing1398514.azurewebsites.net/api/orchestrators/Orchestrate,204,0,0
1745960043205,118,HTTP Request,202,Accepted,Thread Group 1-2,text,true,,2577,388,2,2,https://serworing1398514.azurewebsites.net/api/orchestrators/Orchestrate,118,0,0
1745960044710,166,HTTP Request,202,Accepted,Thread Group 1-1,text,true,,2577,388,2,2,https://serworing1398514.azurewebsites.net/api/orchestrators/Orchestrate,166,0,0
1745960045206,152,HTTP Request,202,Accepted,Thread Group 1-2,text,true,,2577,388,2,2,https://serworing1398514.azurewebsites.net/api/orchestrators/Orchestrate,152,0,0
1745960046709,96,HTTP Request,202,Accepted,Thread Group 1-1,text,true,,2577,388,2,2,https://serworing1398514.azurewebsites.net/api/orchestrators/Orchestrate,96,0,0
1745960047204,114,HTTP Request,202,Accepted,Thread Group 1-2,text,true,,2577,388,2,2,https://serworing1398514.azurewebsites.net/api/orchestrators/Orchestrate,114,0,0
1745960048709,99,HTTP Request,202,Accepted,Thread Group 1-1,text,true,,2577,388,2,2,https://serworing1398514.azurewebsites.net/api/orchestrators/Orchestrate,98,0,0
1745960049204,161,HTTP Request,202,Accepted,Thread Group 1-2,text,true,,2577,388,2,2,https://serworing1398514.azurewebsites.net/api/orchestrators/Orchestrate,161,0,0
1745960050710,190,HTTP Request,202,Accepted,Thread Group 1-1,text,true,,2577,388,2,2,https://serworing1398514.azurewebsites.net/api/orchestrators/Orchestrate,190,0,0
1745960051204,105,HTTP Request,202,Accepted,Thread Group 1-2,text,true,,2577,388,2,2,https://serworing1398514.azurewebsites.net/api/orchestrators/Orchestrate,105,0,0
1745960052710,135,HTTP Request,202,Accepted,Thread Group 1-1,text,true,,2577,388,2,2,https://serworing1398514.azurewebsites.net/api/orchestrators/Orchestrate,135,0,0
1745960053205,143,HTTP Request,202,Accepted,Thread Group 1-2,text,true,,2577,388,2,2,https://serworing1398514.azurewebsites.net/api/orchestrators/Orchestrate,143,0,0
1745960054709,185,HTTP Request,202,Accepted,Thread Group 1-1,text,true,,2577,388,2,2,https://serworing1398514.azurewebsites.net/api/orchestrators/Orchestrate,185,0,0
1745960055204,137,HTTP Request,202,Accepted,Thread Group 1-2,text,true,,2577,388,2,2,https://serworing1398514.azurewebsites.net/api/orchestrators/Orchestrate,136,0,0
1745960056709,132,HTTP Request,202,Accepted,Thread Group 1-1,text,true,,2577,388,2,2,https://serworing1398514.azurewebsites.net/api/orchestrators/Orchestrate,132,0,0
1745960057204,163,HTTP Request,202,Accepted,Thread Group 1-2,text,true,,2577,388,2,2,https://serworing1398514.azurewebsites.net/api/orchestrators/Orchestrate,163,0,0
1745960058708,180,HTTP Request,202,Accepted,Thread Group 1-1,text,true,,2577,388,2,2,https://serworing1398514.azurewebsites.net/api/orchestrators/Orchestrate,180,0,0
1745960059204,195,HTTP Request,202,Accepted,Thread Group 1-2,text,true,,2577,388,2,2,https://serworing1398514.azurewebsites.net/api/orchestrators/Orchestrate,195,0,0
1745960060709,228,HTTP Request,202,Accepted,Thread Group 1-1,text,true,,2577,388,2,2,https://serworing1398514.azurewebsites.net/api/orchestrators/Orchestrate,228,0,0
1745960061204,140,HTTP Request,202,Accepted,Thread Group 1-2,text,true,,2577,388,2,2,https://serworing1398514.azurewebsites.net/api/orchestrators/Orchestrate,140,0,0
1745960062709,172,HTTP Request,202,Accepted,Thread Group 1-1,text,true,,2577,388,2,2,https://serworing1398514.azurewebsites.net/api/orchestrators/Orchestrate,171,0,0
1745960063204,86,HTTP Request,202,Accepted,Thread Group 1-2,text,true,,2577,388,2,2,https://serworing1398514.azurewebsites.net/api/orchestrators/Orchestrate,86,0,0
1745960064709,118,HTTP Request,202,Accepted,Thread Group 1-1,text,true,,2577,388,2,2,https://serworing1398514.azurewebsites.net/api/orchestrators/Orchestrate,118,0,0
1745960065204,153,HTTP Request,202,Accepted,Thread Group 1-2,text,true,,2577,388,2,2,https://serworing1398514.azurewebsites.net/api/orchestrators/Orchestrate,153,0,0
1745960066709,166,HTTP Request,202,Accepted,Thread Group 1-1,text,true,,2577,388,2,2,https://serworing1398514.azurewebsites.net/api/orchestrators/Orchestrate,166,0,0
1745960067204,81,HTTP Request,202,Accepted,Thread Group 1-2,text,true,,2577,388,2,2,https://serworing1398514.azurewebsites.net/api/orchestrators/Orchestrate,81,0,0
1745960068709,113,HTTP Request,202,Accepted,Thread Group 1-1,text,true,,2577,388,2,2,https://serworing1398514.azurewebsites.net/api/orchestrators/Orchestrate,112,0,0
1745960069204,126,HTTP Request,202,Accepted,Thread Group 1-2,text,true,,2577,389,2,2,https://serworing1398514.azurewebsites.net/api/orchestrators/Orchestrate,126,0,0
1745960070709,61,HTTP Request,202,Accepted,Thread Group 1-1,text,true,,2577,389,2,2,https://serworing1398514.azurewebsites.net/api/orchestrators/Orchestrate,60,0,0
1745960071204,58,HTTP Request,202,Accepted,Thread Group 1-2,text,true,,2577,389,2,2,https://serworing1398514.azurewebsites.net/api/orchestrators/Orchestrate,58,0,0
1745960072709,207,HTTP Request,202,Accepted,Thread Group 1-1,text,true,,2577,389,2,2,https://serworing1398514.azurewebsites.net/api/orchestrators/Orchestrate,207,0,0
1745960073204,121,HTTP Request,202,Accepted,Thread Group 1-2,text,true,,2577,389,2,2,https://serworing1398514.azurewebsites.net/api/orchestrators/Orchestrate,121,0,0
1745960074709,152,HTTP Request,202,Accepted,Thread Group 1-1,text,true,,2577,389,2,2,https://serworing1398514.azurewebsites.net/api/orchestrators/Orchestrate,152,0,0
1745960075204,167,HTTP Request,202,Accepted,Thread Group 1-2,text,true,,2577,389,2,2,https://serworing1398514.azurewebsites.net/api/orchestrators/Orchestrate,167,0,0
1745960076710,89,HTTP Request,202,Accepted,Thread Group 1-1,text,true,,2577,389,2,2,https://serworing1398514.azurewebsites.net/api/orchestrators/Orchestrate,89,0,0
1745960077205,115,HTTP Request,202,Accepted,Thread Group 1-2,text,true,,2577,389,2,2,https://serworing1398514.azurewebsites.net/api/orchestrators/Orchestrate,115,0,0
1745960078710,147,HTTP Request,202,Accepted,Thread Group 1-1,text,true,,2577,389,2,2,https://serworing1398514.azurewebsites.net/api/orchestrators/Orchestrate,147,0,0
1745960079205,164,HTTP Request,202,Accepted,Thread Group 1-2,text,true,,2577,389,2,2,https://serworing1398514.azurewebsites.net/api/orchestrators/Orchestrate,163,0,0
1745960080710,93,HTTP Request,202,Accepted,Thread Group 1-1,text,true,,2577,389,2,2,https://serworing1398514.azurewebsites.net/api/orchestrators/Orchestrate,93,0,0
1745960081205,109,HTTP Request,202,Accepted,Thread Group 1-2,text,true,,2577,389,2,2,https://serworing1398514.azurewebsites.net/api/orchestrators/Orchestrate,109,0,0
1745960082710,78,HTTP Request,202,Accepted,Thread Group 1-1,text,true,,2577,389,2,2,https://serworing1398514.azurewebsites.net/api/orchestrators/Orchestrate,78,0,0
1745960083205,60,HTTP Request,202,Accepted,Thread Group 1-2,text,true,,2577,389,2,2,https://serworing1398514.azurewebsites.net/api/orchestrators/Orchestrate,60,0,0
1745960084710,86,HTTP Request,202,Accepted,Thread Group 1-1,text,true,,2577,389,2,2,https://serworing1398514.azurewebsites.net/api/orchestrators/Orchestrate,86,0,0
1745960085205,205,HTTP Request,202,Accepted,Thread Group 1-2,text,true,,2577,389,2,2,https://serworing1398514.azurewebsites.net/api/orchestrators/Orchestrate,205,0,0
1745960086710,133,HTTP Request,202,Accepted,Thread Group 1-1,text,true,,2577,389,2,2,https://serworing1398514.azurewebsites.net/api/orchestrators/Orchestrate,133,0,0
1745960087205,151,HTTP Request,202,Accepted,Thread Group 1-2,text,true,,2577,389,2,2,https://serworing1398514.azurewebsites.net/api/orchestrators/Orchestrate,151,0,0
1745960088710,182,HTTP Request,202,Accepted,Thread Group 1-1,text,true,,2577,389,2,2,https://serworing1398514.azurewebsites.net/api/orchestrators/Orchestrate,182,0,0
1745960089206,184,HTTP Request,202,Accepted,Thread Group 1-2,text,true,,2577,389,2,2,https://serworing1398514.azurewebsites.net/api/orchestrators/Orchestrate,184,0,0
1745960090710,128,HTTP Request,202,Accepted,Thread Group 1-1,text,true,,2577,389,2,2,https://serworing1398514.azurewebsites.net/api/orchestrators/Orchestrate,128,0,0
1745960091205,142,HTTP Request,202,Accepted,Thread Group 1-2,text,true,,2577,389,2,2,https://serworing1398514.azurewebsites.net/api/orchestrators/Orchestrate,142,0,0
1745960092709,591,HTTP Request,202,Accepted,Thread Group 1-1,text,true,,2577,389,2,2,https://serworing1398514.azurewebsites.net/api/orchestrators/Orchestrate,591,0,489
1745960093204,303,HTTP Request,202,Accepted,Thread Group 1-2,text,true,,2577,389,2,2,https://serworing1398514.azurewebsites.net/api/orchestrators/Orchestrate,303,0,232
1745960094710,126,HTTP Request,202,Accepted,Thread Group 1-1,text,true,,2577,389,2,2,https://serworing1398514.azurewebsites.net/api/orchestrators/Orchestrate,126,0,0
1745960095204,244,HTTP Request,202,Accepted,Thread Group 1-2,text,true,,2577,389,2,2,https://serworing1398514.azurewebsites.net/api/orchestrators/Orchestrate,244,0,0
1745960096709,176,HTTP Request,202,Accepted,Thread Group 1-1,text,true,,2577,389,2,2,https://serworing1398514.azurewebsites.net/api/orchestrators/Orchestrate,175,0,0
1745960097204,83,HTTP Request,202,Accepted,Thread Group 1-2,text,true,,2577,389,2,2,https://serworing1398514.azurewebsites.net/api/orchestrators/Orchestrate,83,0,0
1745960098710,120,HTTP Request,202,Accepted,Thread Group 1-1,text,true,,2577,389,2,2,https://serworing1398514.azurewebsites.net/api/orchestrators/Orchestrate,119,0,0
1745960099205,137,HTTP Request,202,Accepted,Thread Group 1-2,text,true,,2577,389,2,2,https://serworing1398514.azurewebsites.net/api/orchestrators/Orchestrate,137,0,0
1745960100710,161,HTTP Request,202,Accepted,Thread Group 1-1,text,true,,2577,389,2,2,https://serworing1398514.azurewebsites.net/api/orchestrators/Orchestrate,161,0,0
1745960101204,194,HTTP Request,202,Accepted,Thread Group 1-2,text,true,,2577,389,2,2,https://serworing1398514.azurewebsites.net/api/orchestrators/Orchestrate,193,0,0
1745960102710,107,HTTP Request,202,Accepted,Thread Group 1-1,text,true,,2577,389,2,2,https://serworing1398514.azurewebsites.net/api/orchestrators/Orchestrate,107,0,0
1745960103204,124,HTTP Request,202,Accepted,Thread Group 1-2,text,true,,2577,389,2,2,https://serworing1398514.azurewebsites.net/api/orchestrators/Orchestrate,124,0,0
1745960104709,165,HTTP Request,202,Accepted,Thread Group 1-1,text,true,,2577,389,2,2,https://serworing1398514.azurewebsites.net/api/orchestrators/Orchestrate,165,0,0
1745960105205,66,HTTP Request,202,Accepted,Thread Group 1-2,text,true,,2577,389,2,2,https://serworing1398514.azurewebsites.net/api/orchestrators/Orchestrate,65,0,0
1745960106709,103,HTTP Request,202,Accepted,Thread Group 1-1,text,true,,2577,389,2,2,https://serworing1398514.azurewebsites.net/api/orchestrators/Orchestrate,103,0,0
1745960107204,119,HTTP Request,202,Accepted,Thread Group 1-2,text,true,,2577,389,2,2,https://serworing1398514.azurewebsites.net/api/orchestrators/Orchestrate,119,0,0
1745960108710,149,HTTP Request,202,Accepted,Thread Group 1-1,text,true,,2577,389,2,2,https://serworing1398514.azurewebsites.net/api/orchestrators/Orchestrate,149,0,0
1745960109205,269,HTTP Request,202,Accepted,Thread Group 1-2,text,true,,2577,389,2,2,https://serworing1398514.azurewebsites.net/api/orchestrators/Orchestrate,269,0,0
1745960110710,197,HTTP Request,202,Accepted,Thread Group 1-1,text,true,,2577,389,2,2,https://serworing1398514.azurewebsites.net/api/orchestrators/Orchestrate,197,0,0
1745960111205,112,HTTP Request,202,Accepted,Thread Group 1-2,text,true,,2577,389,2,2,https://serworing1398514.azurewebsites.net/api/orchestrators/Orchestrate,112,0,0
1745960112710,143,HTTP Request,202,Accepted,Thread Group 1-1,text,true,,2577,389,2,2,https://serworing1398514.azurewebsites.net/api/orchestrators/Orchestrate,143,0,0
1745960113205,160,HTTP Request,202,Accepted,Thread Group 1-2,text,true,,2577,389,2,2,https://serworing1398514.azurewebsites.net/api/orchestrators/Orchestrate,160,0,0
1745960114711,190,HTTP Request,202,Accepted,Thread Group 1-1,text,true,,2577,389,2,2,https://serworing1398514.azurewebsites.net/api/orchestrators/Orchestrate,190,0,0
1745960115205,168,HTTP Request,202,Accepted,Thread Group 1-2,text,true,,2577,389,2,2,https://serworing1398514.azurewebsites.net/api/orchestrators/Orchestrate,168,0,0
1745960116710,135,HTTP Request,202,Accepted,Thread Group 1-1,text,true,,2577,389,2,2,https://serworing1398514.azurewebsites.net/api/orchestrators/Orchestrate,135,0,0
1745960117204,153,HTTP Request,202,Accepted,Thread Group 1-2,text,true,,2577,389,2,2,https://serworing1398514.azurewebsites.net/api/orchestrators/Orchestrate,153,0,0
1745960118710,88,HTTP Request,202,Accepted,Thread Group 1-1,text,true,,2577,389,2,2,https://serworing1398514.azurewebsites.net/api/orchestrators/Orchestrate,87,0,0
1745960119204,100,HTTP Request,202,Accepted,Thread Group 1-2,text,true,,2577,389,2,2,https://serworing1398514.azurewebsites.net/api/orchestrators/Orchestrate,100,0,0
1745960120710,130,HTTP Request,202,Accepted,Thread Group 1-1,text,true,,2577,389,2,2,https://serworing1398514.azurewebsites.net/api/orchestrators/Orchestrate,130,0,0
1745960121205,250,HTTP Request,202,Accepted,Thread Group 1-2,text,true,,2577,389,2,2,https://serworing1398514.azurewebsites.net/api/orchestrators/Orchestrate,250,0,0
1745960122710,178,HTTP Request,202,Accepted,Thread Group 1-1,text,true,,2577,389,2,2,https://serworing1398514.azurewebsites.net/api/orchestrators/Orchestrate,178,0,0
1745960123206,168,HTTP Request,202,Accepted,Thread Group 1-2,text,true,,2577,389,2,2,https://serworing1398514.azurewebsites.net/api/orchestrators/Orchestrate,168,0,0
1745960124710,126,HTTP Request,202,Accepted,Thread Group 1-1,text,true,,2577,389,2,2,https://serworing1398514.azurewebsites.net/api/orchestrators/Orchestrate,126,0,0
1745960125206,140,HTTP Request,202,Accepted,Thread Group 1-2,text,true,,2577,389,2,2,https://serworing1398514.azurewebsites.net/api/orchestrators/Orchestrate,139,0,0
1745960126709,281,HTTP Request,202,Accepted,Thread Group 1-1,text,true,,2577,389,2,2,https://serworing1398514.azurewebsites.net/api/orchestrators/Orchestrate,281,0,0
1745960127205,126,HTTP Request,202,Accepted,Thread Group 1-2,text,true,,2577,389,2,2,https://serworing1398514.azurewebsites.net/api/orchestrators/Orchestrate,126,0,0
1745960128710,116,HTTP Request,202,Accepted,Thread Group 1-1,text,true,,2577,389,2,2,https://serworing1398514.azurewebsites.net/api/orchestrators/Orchestrate,116,0,0
1745960129205,134,HTTP Request,202,Accepted,Thread Group 1-2,text,true,,2577,389,2,2,https://serworing1398514.azurewebsites.net/api/orchestrators/Orchestrate,134,0,0
1745960130709,165,HTTP Request,202,Accepted,Thread Group 1-1,text,true,,2577,389,2,2,https://serworing1398514.azurewebsites.net/api/orchestrators/Orchestrate,165,0,0
1745960131204,188,HTTP Request,202,Accepted,Thread Group 1-2,text,true,,2577,389,2,2,https://serworing1398514.azurewebsites.net/api/orchestrators/Orchestrate,188,0,0
1745960132709,118,HTTP Request,202,Accepted,Thread Group 1-1,text,true,,2577,389,2,2,https://serworing1398514.azurewebsites.net/api/orchestrators/Orchestrate,118,0,0
1745960133204,136,HTTP Request,202,Accepted,Thread Group 1-2,text,true,,2577,389,2,2,https://serworing1398514.azurewebsites.net/api/orchestrators/Orchestrate,135,0,0
1745960134710,158,HTTP Request,202,Accepted,Thread Group 1-1,text,true,,2577,389,2,2,https://serworing1398514.azurewebsites.net/api/orchestrators/Orchestrate,158,0,0
1745960135205,182,HTTP Request,202,Accepted,Thread Group 1-2,text,true,,2577,389,2,2,https://serworing1398514.azurewebsites.net/api/orchestrators/Orchestrate,182,0,0
1745960136710,213,HTTP Request,202,Accepted,Thread Group 1-1,text,true,,2577,389,2,2,https://serworing1398514.azurewebsites.net/api/orchestrators/Orchestrate,213,0,0
1745960137205,128,HTTP Request,202,Accepted,Thread Group 1-2,text,true,,2577,389,2,2,https://serworing1398514.azurewebsites.net/api/orchestrators/Orchestrate,128,0,0
1745960138710,255,HTTP Request,202,Accepted,Thread Group 1-1,text,true,,2577,389,2,2,https://serworing1398514.azurewebsites.net/api/orchestrators/Orchestrate,255,0,0
1745960139205,272,HTTP Request,202,Accepted,Thread Group 1-2,text,true,,2577,389,2,2,https://serworing1398514.azurewebsites.net/api/orchestrators/Orchestrate,272,0,0
1745960140710,98,HTTP Request,202,Accepted,Thread Group 1-1,text,true,,2577,389,2,2,https://serworing1398514.azurewebsites.net/api/orchestrators/Orchestrate,98,0,0
1745960141205,120,HTTP Request,202,Accepted,Thread Group 1-2,text,true,,2577,389,2,2,https://serworing1398514.azurewebsites.net/api/orchestrators/Orchestrate,120,0,0
1745960142709,152,HTTP Request,202,Accepted,Thread Group 1-1,text,true,,2577,389,2,2,https://serworing1398514.azurewebsites.net/api/orchestrators/Orchestrate,152,0,0
1745960143204,136,HTTP Request,202,Accepted,Thread Group 1-2,text,true,,2577,389,2,2,https://serworing1398514.azurewebsites.net/api/orchestrators/Orchestrate,136,0,0
1745960144709,92,HTTP Request,202,Accepted,Thread Group 1-1,text,true,,2577,389,2,2,https://serworing1398514.azurewebsites.net/api/orchestrators/Orchestrate,92,0,0
1745960145204,109,HTTP Request,202,Accepted,Thread Group 1-2,text,true,,2577,389,2,2,https://serworing1398514.azurewebsites.net/api/orchestrators/Orchestrate,109,0,0
1745960146709,140,HTTP Request,202,Accepted,Thread Group 1-1,text,true,,2577,389,2,2,https://serworing1398514.azurewebsites.net/api/orchestrators/Orchestrate,140,0,0
1745960147205,156,HTTP Request,202,Accepted,Thread Group 1-2,text,true,,2577,389,2,2,https://serworing1398514.azurewebsites.net/api/orchestrators/Orchestrate,156,0,0
1745960148709,187,HTTP Request,202,Accepted,Thread Group 1-1,text,true,,2577,389,2,2,https://serworing1398514.azurewebsites.net/api/orchestrators/Orchestrate,187,0,0
1745960149204,204,HTTP Request,202,Accepted,Thread Group 1-2,text,true,,2577,389,2,2,https://serworing1398514.azurewebsites.net/api/orchestrators/Orchestrate,204,0,0
1745960150709,139,HTTP Request,202,Accepted,Thread Group 1-1,text,true,,2577,389,2,2,https://serworing1398514.azurewebsites.net/api/orchestrators/Orchestrate,139,0,0
1745960151205,153,HTTP Request,202,Accepted,Thread Group 1-2,text,true,,2577,389,2,2,https://serworing1398514.azurewebsites.net/api/orchestrators/Orchestrate,153,0,0
1745960152710,181,HTTP Request,202,Accepted,Thread Group 1-1,text,true,,2577,389,2,2,https://serworing1398514.azurewebsites.net/api/orchestrators/Orchestrate,181,0,0
1745960153205,709,HTTP Request,202,Accepted,Thread Group 1-2,text,true,,2577,389,2,2,https://serworing1398514.azurewebsites.net/api/orchestrators/Orchestrate,709,0,616
1745960154711,434,HTTP Request,202,Accepted,Thread Group 1-1,text,true,,2577,389,2,2,https://serworing1398514.azurewebsites.net/api/orchestrators/Orchestrate,434,0,337
1745960155205,145,HTTP Request,202,Accepted,Thread Group 1-2,text,true,,2577,389,2,2,https://serworing1398514.azurewebsites.net/api/orchestrators/Orchestrate,145,0,0
1745960156709,175,HTTP Request,202,Accepted,Thread Group 1-1,text,true,,2577,389,2,2,https://serworing1398514.azurewebsites.net/api/orchestrators/Orchestrate,175,0,0
1745960157204,91,HTTP Request,202,Accepted,Thread Group 1-2,text,true,,2577,389,2,2,https://serworing1398514.azurewebsites.net/api/orchestrators/Orchestrate,91,0,0
1745960158709,120,HTTP Request,202,Accepted,Thread Group 1-1,text,true,,2577,389,2,2,https://serworing1398514.azurewebsites.net/api/orchestrators/Orchestrate,120,0,0
1745960159205,136,HTTP Request,202,Accepted,Thread Group 1-2,text,true,,2577,389,2,2,https://serworing1398514.azurewebsites.net/api/orchestrators/Orchestrate,136,0,0
1745960160709,168,HTTP Request,202,Accepted,Thread Group 1-1,text,true,,2577,389,2,2,https://serworing1398514.azurewebsites.net/api/orchestrators/Orchestrate,168,0,0
1745960161204,184,HTTP Request,202,Accepted,Thread Group 1-2,text,true,,2577,389,2,2,https://serworing1398514.azurewebsites.net/api/orchestrators/Orchestrate,184,0,0
1745960162709,114,HTTP Request,202,Accepted,Thread Group 1-1,text,true,,2577,389,2,2,https://serworing1398514.azurewebsites.net/api/orchestrators/Orchestrate,114,0,0
1745960163205,130,HTTP Request,202,Accepted,Thread Group 1-2,text,true,,2577,389,2,2,https://serworing1398514.azurewebsites.net/api/orchestrators/Orchestrate,130,0,0
1745960164710,165,HTTP Request,202,Accepted,Thread Group 1-1,text,true,,2577,389,2,2,https://serworing1398514.azurewebsites.net/api/orchestrators/Orchestrate,165,0,0
1745960165205,280,HTTP Request,202,Accepted,Thread Group 1-2,text,true,,2577,389,2,2,https://serworing1398514.azurewebsites.net/api/orchestrators/Orchestrate,280,0,0
1745960166710,108,HTTP Request,202,Accepted,Thread Group 1-1,text,true,,2577,389,2,2,https://serworing1398514.azurewebsites.net/api/orchestrators/Orchestrate,108,0,0
1745960167205,125,HTTP Request,202,Accepted,Thread Group 1-2,text,true,,2577,389,2,2,https://serworing1398514.azurewebsites.net/api/orchestrators/Orchestrate,125,0,0
1745960168710,155,HTTP Request,202,Accepted,Thread Group 1-1,text,true,,2577,389,2,2,https://serworing1398514.azurewebsites.net/api/orchestrators/Orchestrate,155,0,0
1745960169205,172,HTTP Request,202,Accepted,Thread Group 1-2,text,true,,2577,389,2,2,https://serworing1398514.azurewebsites.net/api/orchestrators/Orchestrate,172,0,0
1745960170710,204,HTTP Request,202,Accepted,Thread Group 1-1,text,true,,2577,389,2,2,https://serworing1398514.azurewebsites.net/api/orchestrators/Orchestrate,204,0,0
1745960171206,117,HTTP Request,202,Accepted,Thread Group 1-2,text,true,,2577,389,2,2,https://serworing1398514.azurewebsites.net/api/orchestrators/Orchestrate,117,0,0
1745960172709,150,HTTP Request,202,Accepted,Thread Group 1-1,text,true,,2577,389,2,2,https://serworing1398514.azurewebsites.net/api/orchestrators/Orchestrate,150,0,0
1745960173206,170,HTTP Request,202,Accepted,Thread Group 1-2,text,true,,2577,389,2,2,https://serworing1398514.azurewebsites.net/api/orchestrators/Orchestrate,170,0,0
1745960174710,198,HTTP Request,202,Accepted,Thread Group 1-1,text,true,,2577,389,2,2,https://serworing1398514.azurewebsites.net/api/orchestrators/Orchestrate,198,0,0
1745960175206,110,HTTP Request,202,Accepted,Thread Group 1-2,text,true,,2577,389,2,2,https://serworing1398514.azurewebsites.net/api/orchestrators/Orchestrate,110,0,0
1745960176709,145,HTTP Request,202,Accepted,Thread Group 1-1,text,true,,2577,389,2,2,https://serworing1398514.azurewebsites.net/api/orchestrators/Orchestrate,145,0,0
1745960177204,160,HTTP Request,202,Accepted,Thread Group 1-2,text,true,,2577,389,2,2,https://serworing1398514.azurewebsites.net/api/orchestrators/Orchestrate,160,0,0
1745960178709,197,HTTP Request,202,Accepted,Thread Group 1-1,text,true,,2577,389,2,2,https://serworing1398514.azurewebsites.net/api/orchestrators/Orchestrate,197,0,0
1745960179204,208,HTTP Request,202,Accepted,Thread Group 1-2,text,true,,2577,389,2,2,https://serworing1398514.azurewebsites.net/api/orchestrators/Orchestrate,208,0,0
1745960180709,136,HTTP Request,202,Accepted,Thread Group 1-1,text,true,,2577,389,2,2,https://serworing1398514.azurewebsites.net/api/orchestrators/Orchestrate,136,0,0
1745960181204,152,HTTP Request,202,Accepted,Thread Group 1-2,text,true,,2577,389,2,2,https://serworing1398514.azurewebsites.net/api/orchestrators/Orchestrate,152,0,0
1745960182710,183,HTTP Request,202,Accepted,Thread Group 1-1,text,true,,2577,389,2,2,https://serworing1398514.azurewebsites.net/api/orchestrators/Orchestrate,183,0,0
1745960183204,201,HTTP Request,202,Accepted,Thread Group 1-2,text,true,,2577,389,2,2,https://serworing1398514.azurewebsites.net/api/orchestrators/Orchestrate,201,0,0
1745960184709,130,HTTP Request,202,Accepted,Thread Group 1-1,text,true,,2577,389,2,2,https://serworing1398514.azurewebsites.net/api/orchestrators/Orchestrate,130,0,0
1745960185204,146,HTTP Request,202,Accepted,Thread Group 1-2,text,true,,2577,389,2,2,https://serworing1398514.azurewebsites.net/api/orchestrators/Orchestrate,146,0,0
1745960186709,179,HTTP Request,202,Accepted,Thread Group 1-1,text,true,,2577,389,2,2,https://serworing1398514.azurewebsites.net/api/orchestrators/Orchestrate,179,0,0
1745960187204,169,HTTP Request,202,Accepted,Thread Group 1-2,text,true,,2577,389,2,2,https://serworing1398514.azurewebsites.net/api/orchestrators/Orchestrate,169,0,0
1745960188709,124,HTTP Request,202,Accepted,Thread Group 1-1,text,true,,2577,389,2,2,https://serworing1398514.azurewebsites.net/api/orchestrators/Orchestrate,124,0,0
1745960189204,140,HTTP Request,202,Accepted,Thread Group 1-2,text,true,,2577,389,2,2,https://serworing1398514.azurewebsites.net/api/orchestrators/Orchestrate,140,0,0
1745960190710,182,HTTP Request,202,Accepted,Thread Group 1-1,text,true,,2577,389,2,2,https://serworing1398514.azurewebsites.net/api/orchestrators/Orchestrate,181,0,0
1745960191204,89,HTTP Request,202,Accepted,Thread Group 1-2,text,true,,2577,389,2,2,https://serworing1398514.azurewebsites.net/api/orchestrators/Orchestrate,89,0,0
1745960192709,117,HTTP Request,202,Accepted,Thread Group 1-1,text,true,,2577,389,2,2,https://serworing1398514.azurewebsites.net/api/orchestrators/Orchestrate,117,0,0
1745960193204,134,HTTP Request,202,Accepted,Thread Group 1-2,text,true,,2577,389,2,2,https://serworing1398514.azurewebsites.net/api/orchestrators/Orchestrate,134,0,0
1745960194709,166,HTTP Request,202,Accepted,Thread Group 1-1,text,true,,2577,389,2,2,https://serworing1398514.azurewebsites.net/api/orchestrators/Orchestrate,166,0,0
1745960195204,285,HTTP Request,202,Accepted,Thread Group 1-2,text,true,,2577,389,2,2,https://serworing1398514.azurewebsites.net/api/orchestrators/Orchestrate,285,0,0
1745960196710,111,HTTP Request,202,Accepted,Thread Group 1-1,text,true,,2577,389,2,2,https://serworing1398514.azurewebsites.net/api/orchestrators/Orchestrate,111,0,0
1745960197206,126,HTTP Request,202,Accepted,Thread Group 1-2,text,true,,2577,389,2,2,https://serworing1398514.azurewebsites.net/api/orchestrators/Orchestrate,126,0,0
1745960198710,158,HTTP Request,202,Accepted,Thread Group 1-1,text,true,,2577,389,2,2,https://serworing1398514.azurewebsites.net/api/orchestrators/Orchestrate,158,0,0
1745960199205,175,HTTP Request,202,Accepted,Thread Group 1-2,text,true,,2577,389,2,2,https://serworing1398514.azurewebsites.net/api/orchestrators/Orchestrate,175,0,0
1745960200711,103,HTTP Request,202,Accepted,Thread Group 1-1,text,true,,2577,389,2,2,https://serworing1398514.azurewebsites.net/api/orchestrators/Orchestrate,103,0,0
1745960201205,119,HTTP Request,202,Accepted,Thread Group 1-2,text,true,,2577,389,2,2,https://serworing1398514.azurewebsites.net/api/orchestrators/Orchestrate,119,0,0
1745960202710,153,HTTP Request,202,Accepted,Thread Group 1-1,text,true,,2577,389,2,2,https://serworing1398514.azurewebsites.net/api/orchestrators/Orchestrate,152,0,0
1745960203204,168,HTTP Request,202,Accepted,Thread Group 1-2,text,true,,2577,389,2,2,https://serworing1398514.azurewebsites.net/api/orchestrators/Orchestrate,168,0,0
1745960204709,98,HTTP Request,202,Accepted,Thread Group 1-1,text,true,,2577,389,2,2,https://serworing1398514.azurewebsites.net/api/orchestrators/Orchestrate,98,0,0
1745960205204,116,HTTP Request,202,Accepted,Thread Group 1-2,text,true,,2577,389,2,2,https://serworing1398514.azurewebsites.net/api/orchestrators/Orchestrate,116,0,0
1745960206709,146,HTTP Request,202,Accepted,Thread Group 1-1,text,true,,2577,389,2,2,https://serworing1398514.azurewebsites.net/api/orchestrators/Orchestrate,146,0,0
1745960207204,163,HTTP Request,202,Accepted,Thread Group 1-2,text,true,,2577,389,2,2,https://serworing1398514.azurewebsites.net/api/orchestrators/Orchestrate,163,0,0
1745960208709,194,HTTP Request,202,Accepted,Thread Group 1-1,text,true,,2577,389,2,2,https://serworing1398514.azurewebsites.net/api/orchestrators/Orchestrate,194,0,0
1745960209204,109,HTTP Request,202,Accepted,Thread Group 1-2,text,true,,2577,389,2,2,https://serworing1398514.azurewebsites.net/api/orchestrators/Orchestrate,108,0,0
1745960210709,139,HTTP Request,202,Accepted,Thread Group 1-1,text,true,,2577,389,2,2,https://serworing1398514.azurewebsites.net/api/orchestrators/Orchestrate,139,0,0
1745960211206,155,HTTP Request,202,Accepted,Thread Group 1-2,text,true,,2577,389,2,2,https://serworing1398514.azurewebsites.net/api/orchestrators/Orchestrate,155,0,0
1745960212711,187,HTTP Request,202,Accepted,Thread Group 1-1,text,true,,2577,389,2,2,https://serworing1398514.azurewebsites.net/api/orchestrators/Orchestrate,187,0,0
1745960213206,510,HTTP Request,202,Accepted,Thread Group 1-2,text,true,,2577,389,2,2,https://serworing1398514.azurewebsites.net/api/orchestrators/Orchestrate,510,0,416
1745960214710,133,HTTP Request,202,Accepted,Thread Group 1-1,text,true,,2577,389,2,2,https://serworing1398514.azurewebsites.net/api/orchestrators/Orchestrate,133,0,0
1745960215205,129,HTTP Request,202,Accepted,Thread Group 1-2,text,true,,2577,389,2,2,https://serworing1398514.azurewebsites.net/api/orchestrators/Orchestrate,129,0,0
1745960216708,387,HTTP Request,202,Accepted,Thread Group 1-1,text,true,,2577,389,2,2,https://serworing1398514.azurewebsites.net/api/orchestrators/Orchestrate,387,0,292
1745960217205,94,HTTP Request,202,Accepted,Thread Group 1-2,text,true,,2577,389,2,2,https://serworing1398514.azurewebsites.net/api/orchestrators/Orchestrate,94,0,0
1745960218709,127,HTTP Request,202,Accepted,Thread Group 1-1,text,true,,2577,389,2,2,https://serworing1398514.azurewebsites.net/api/orchestrators/Orchestrate,126,0,0
1745960219205,142,HTTP Request,202,Accepted,Thread Group 1-2,text,true,,2577,389,2,2,https://serworing1398514.azurewebsites.net/api/orchestrators/Orchestrate,142,0,0
1745960220710,173,HTTP Request,202,Accepted,Thread Group 1-1,text,true,,2577,389,2,2,https://serworing1398514.azurewebsites.net/api/orchestrators/Orchestrate,173,0,0
1745960221205,190,HTTP Request,202,Accepted,Thread Group 1-2,text,true,,2577,389,2,2,https://serworing1398514.azurewebsites.net/api/orchestrators/Orchestrate,189,0,0
1745960222709,121,HTTP Request,202,Accepted,Thread Group 1-1,text,true,,2577,389,2,2,https://serworing1398514.azurewebsites.net/api/orchestrators/Orchestrate,121,0,0
1745960223204,136,HTTP Request,202,Accepted,Thread Group 1-2,text,true,,2577,389,2,2,https://serworing1398514.azurewebsites.net/api/orchestrators/Orchestrate,136,0,0
1745960224710,167,HTTP Request,202,Accepted,Thread Group 1-1,text,true,,2577,389,2,2,https://serworing1398514.azurewebsites.net/api/orchestrators/Orchestrate,167,0,0
1745960225205,82,HTTP Request,202,Accepted,Thread Group 1-2,text,true,,2577,389,2,2,https://serworing1398514.azurewebsites.net/api/orchestrators/Orchestrate,82,0,0
1745960226709,114,HTTP Request,202,Accepted,Thread Group 1-1,text,true,,2577,389,2,2,https://serworing1398514.azurewebsites.net/api/orchestrators/Orchestrate,114,0,0
1745960227204,130,HTTP Request,202,Accepted,Thread Group 1-2,text,true,,2577,389,2,2,https://serworing1398514.azurewebsites.net/api/orchestrators/Orchestrate,130,0,0
1745960228710,163,HTTP Request,202,Accepted,Thread Group 1-1,text,true,,2577,389,2,2,https://serworing1398514.azurewebsites.net/api/orchestrators/Orchestrate,163,0,0
1745960229205,150,HTTP Request,202,Accepted,Thread Group 1-2,text,true,,2577,389,2,2,https://serworing1398514.azurewebsites.net/api/orchestrators/Orchestrate,150,0,0
1745960230710,112,HTTP Request,202,Accepted,Thread Group 1-1,text,true,,2577,389,2,2,https://serworing1398514.azurewebsites.net/api/orchestrators/Orchestrate,112,0,0
1745960231205,124,HTTP Request,202,Accepted,Thread Group 1-2,text,true,,2577,389,2,2,https://serworing1398514.azurewebsites.net/api/orchestrators/Orchestrate,124,0,0
1745960232710,154,HTTP Request,202,Accepted,Thread Group 1-1,text,true,,2577,389,2,2,https://serworing1398514.azurewebsites.net/api/orchestrators/Orchestrate,154,0,0
1745960233204,69,HTTP Request,202,Accepted,Thread Group 1-2,text,true,,2577,389,2,2,https://serworing1398514.azurewebsites.net/api/orchestrators/Orchestrate,69,0,0
1745960234709,202,HTTP Request,202,Accepted,Thread Group 1-1,text,true,,2577,389,2,2,https://serworing1398514.azurewebsites.net/api/orchestrators/Orchestrate,202,0,0
1745960235204,117,HTTP Request,202,Accepted,Thread Group 1-2,text,true,,2577,389,2,2,https://serworing1398514.azurewebsites.net/api/orchestrators/Orchestrate,117,0,0
1745960236710,252,HTTP Request,202,Accepted,Thread Group 1-1,text,true,,2577,389,2,2,https://serworing1398514.azurewebsites.net/api/orchestrators/Orchestrate,252,0,0
1745960237206,151,HTTP Request,202,Accepted,Thread Group 1-2,text,true,,2577,389,2,2,https://serworing1398514.azurewebsites.net/api/orchestrators/Orchestrate,151,0,0
1745960238710,197,HTTP Request,202,Accepted,Thread Group 1-1,text,true,,2577,389,2,2,https://serworing1398514.azurewebsites.net/api/orchestrators/Orchestrate,196,0,0
1745960239206,111,HTTP Request,202,Accepted,Thread Group 1-2,text,true,,2577,389,2,2,https://serworing1398514.azurewebsites.net/api/orchestrators/Orchestrate,111,0,0
1745960240710,142,HTTP Request,202,Accepted,Thread Group 1-1,text,true,,2577,389,2,2,https://serworing1398514.azurewebsites.net/api/orchestrators/Orchestrate,142,0,0
1745960241203,160,HTTP Request,202,Accepted,Thread Group 1-2,text,true,,2577,389,2,2,https://serworing1398514.azurewebsites.net/api/orchestrators/Orchestrate,160,0,0
1745960242709,190,HTTP Request,202,Accepted,Thread Group 1-1,text,true,,2577,389,2,2,https://serworing1398514.azurewebsites.net/api/orchestrators/Orchestrate,190,0,0
1745960243204,168,HTTP Request,202,Accepted,Thread Group 1-2,text,true,,2577,389,2,2,https://serworing1398514.azurewebsites.net/api/orchestrators/Orchestrate,168,0,0
1745960244709,66,HTTP Request,202,Accepted,Thread Group 1-1,text,true,,2577,389,2,2,https://serworing1398514.azurewebsites.net/api/orchestrators/Orchestrate,66,0,0
1745960245205,88,HTTP Request,202,Accepted,Thread Group 1-2,text,true,,2577,389,2,2,https://serworing1398514.azurewebsites.net/api/orchestrators/Orchestrate,87,0,0
1745960246709,183,HTTP Request,202,Accepted,Thread Group 1-1,text,true,,2577,389,2,2,https://serworing1398514.azurewebsites.net/api/orchestrators/Orchestrate,183,0,0
1745960247204,165,HTTP Request,202,Accepted,Thread Group 1-2,text,true,,2577,389,2,2,https://serworing1398514.azurewebsites.net/api/orchestrators/Orchestrate,165,0,0
1745960248709,73,HTTP Request,202,Accepted,Thread Group 1-1,text,true,,2577,389,2,2,https://serworing1398514.azurewebsites.net/api/orchestrators/Orchestrate,72,0,0
1745960249204,70,HTTP Request,202,Accepted,Thread Group 1-2,text,true,,2577,389,2,2,https://serworing1398514.azurewebsites.net/api/orchestrators/Orchestrate,69,0,0
1745960250709,79,HTTP Request,202,Accepted,Thread Group 1-1,text,true,,2577,389,2,2,https://serworing1398514.azurewebsites.net/api/orchestrators/Orchestrate,79,0,0
1745960251204,93,HTTP Request,202,Accepted,Thread Group 1-2,text,true,,2577,389,2,2,https://serworing1398514.azurewebsites.net/api/orchestrators/Orchestrate,93,0,0
1745960252709,124,HTTP Request,202,Accepted,Thread Group 1-1,text,true,,2577,389,2,2,https://serworing1398514.azurewebsites.net/api/orchestrators/Orchestrate,124,0,0
1745960253204,141,HTTP Request,202,Accepted,Thread Group 1-2,text,true,,2577,389,2,2,https://serworing1398514.azurewebsites.net/api/orchestrators/Orchestrate,140,0,0
